Code,file_name,ROI,root_tips,branch_points,length_mm,branching_freq_mm-1,network_area_mm2,mean_diameter_mm,median_diameter_mm,max_diameter_mm,perimeter_mm,volume_mm3,SA_mm2,Species,Species_gbif,Sample Number,Collected,Ethanol,Dried,Scanned,Dried-2,Weighed,Weight_g,Stained,Mounted,mycorrhizal_colonization,coll_location,hair_length_raw,hair_density_raw,hair_factor,Location,weight,percent_N,d_15N,percent_C,d_13C
ach_asp_1,ach_asp_1.jpg,roi_2,204,296,529.642,0.559,221.406,0.548,0.479,1.78,831.1,170.198,914.35,Achyranthes aspera,Achyranthes aspera,1,yes,yes,yes,yes,yes,yes,0.0138,yes,yes,100,glasshouse,21,3,63,2 D5,2124.5,2,-3.02,42.71,-28.53
ach_asp_2,ach_asp_2.jpg,roi_2,193,289,476.3,0.607,183.842,0.509,0.432,2.386,756.624,140.335,763.074,Achyranthes aspera,Achyranthes aspera,2,yes,yes,yes,yes,yes,yes,0.0097,yes,yes,97,glasshouse,31,13,403,2 E8,2131,1.97,-3.04,43.25,-28.51
ach_asp_3,ach_asp_3.jpg,roi_2,108,158,406.286,0.389,238.279,0.706,0.677,1.984,673.267,195.734,907.257,Achyranthes aspera,Achyranthes aspera,3,yes,yes,yes,yes,yes,yes,0.0122,yes,yes,95,glasshouse,19,2,38,3 F12,1818,2.02,-3.39,43.14,-28.77
ach_mil_1,ach_mil_1.jpg,Full,79,83,361.907,0.229,124.152,0.391,0.339,1.396,676.421,58.328,444.831,Achillea millefolium,Achillea millefolium,1,yes,yes,yes,yes,yes,yes,9.5e-4,yes,yes,81,field,13,14,182,2 A9,2078.5,1.59,0.69,40.9,-30.56
ach_mil_2,ach_mil_2.jpg,roi_2,85,121,373.526,0.324,77.46,0.239,0.239,0.683,708.204,21.675,280.632,Achillea millefolium,Achillea millefolium,2,yes,yes,yes,yes,yes,yes,0.001,yes,yes,96,field,11,2,22,1 A1,2107,1.2,1.84,43.21,-30.52
ach_mil_3,ach_mil_3.jpg,Full,115,125,325.297,0.384,127.476,0.476,0.423,1.81,571.418,85.13,490.511,Achillea millefolium,Achillea millefolium,3,yes,yes,yes,yes,yes,yes,0.0075,yes,yes,85,field,16,15,240,1 G7,2056.5,1.99,0.64,40.95,-30.49
ach_mil_4,ach_mil_4.jpg,roi_2,79,119,300.531,0.396,141.702,0.581,0.508,1.949,500.558,113.049,554.918,Achillea millefolium,Achillea millefolium,4,yes,yes,yes,yes,yes,yes,0.0102,yes,yes,100,field,18,5,90,1 A7,1956.5,1.28,1.52,44.36,-30.32
ach_mil_5,ach_mil_5.jpg,roi_2,101,127,365.236,0.348,118.077,0.38,0.339,1.212,666.832,54.422,433.542,Achillea millefolium,Achillea millefolium,5,yes,yes,yes,yes,yes,yes,0.0026,yes,yes,77,field,12,4,48,1 G11,2185.5,1.92,0.48,40.52,-30.69
ach_mil_6,ach_mil_6.jpg,Full,203,259,635.113,0.408,207.112,0.413,0.339,2.067,1099.8,130.019,823.213,Achillea millefolium,Achillea millefolium,6,yes,yes,yes,yes,yes,yes,0.00591,yes,yes,90,field,14,4,56,1 G2,2049.5,1.87,0.59,41.86,-30.68
ach_mil_7,ach_mil_7.jpg,roi_2,48,58,224.406,0.258,90.269,0.46,0.423,1.27,413.989,53.393,327.167,Achillea millefolium,Achillea millefolium,7,yes,yes,yes,yes,yes,yes,0.0033,yes,yes,93,field,41,8,328,1 C10,2043,1,1.22,45.77,-30.43
age_aro_1,age_aro_1.jpg,roi_2,92,118,259.931,0.454,97.804,0.444,0.432,1.292,454.678,52.47,366.004,Ageratina aromatica,Ageratina aromatica,1,yes,yes,yes,yes,yes,yes,0.0044,yes,yes,74,field,43,15,645,1 F10,2091,1.32,0.3,40.34,-26.77
age_aro_2,age_aro_2.jpg,roi_2,99,97,317.159,0.306,127.26,0.46,0.423,1.737,582.848,68.19,459.999,Ageratina aromatica,Ageratina aromatica,2,yes,yes,yes,yes,yes,yes,0.0066,yes,yes,55,field,46,10,460,1 F12,1967,1.28,-0.03,40.35,-26.72
age_aro_3,age_aro_3.jpg,roi_2,95,109,316.545,0.344,107.76,0.404,0.339,1.281,567.216,55.732,402.888,Ageratina aromatica,Ageratina aromatica,3,yes,yes,yes,yes,yes,yes,0.0047,yes,yes,56,field,33,14,462,1 C9,2119.5,1.13,0.87,40.94,-27.74
age_aro_4,age_aro_4.jpg,roi_2,38,42,166.277,0.253,121.803,0.814,0.872,1.629,302.785,102.076,429.583,Ageratina aromatica,Ageratina aromatica,4,yes,yes,yes,yes,yes,yes,0.0117,yes,yes,72,field,33,13,429,1 H9,1970,1.17,0.41,38.41,-26.58
age_aro_5,age_aro_5.jpg,roi_2,49,51,245.875,0.207,131.226,0.594,0.593,1.437,455.961,83.555,461.658,Ageratina aromatica,Ageratina aromatica,5,yes,yes,yes,yes,yes,yes,0.0077,yes,yes,61,field,39,12,468,1 A6,2163,0.97,0.85,34.01,-27.54
age_aro_6,age_aro_6.jpg,roi_2,86,112,328.553,0.341,173.889,0.645,0.599,2.259,556.969,146.801,668.306,Ageratina aromatica,Ageratina aromatica,6,yes,yes,yes,yes,yes,yes,0.0143,yes,yes,64,field,45,10,450,1 H12,2011,1.38,0.67,38.02,-26.7
age_aro_7,age_aro_7.jpg,roi_2,87,101,414.006,0.244,212.258,0.576,0.508,1.365,767.147,145.746,748.7,Ageratina aromatica,Ageratina aromatica,7,yes,yes,yes,yes,yes,yes,0.0216,yes,yes,24,field,23,19,437,1 H8,2157.5,1.2,0.59,39.61,-26.69
alc_mol_1,alc_mol_1.jpg,roi_6,56,56,195.644,0.286,110.025,0.694,0.781,1.629,331.941,97.141,421.715,Alchemilla mollis,Alchemilla mollis,1,yes,yes,yes,yes,yes,yes,0.0059,yes,yes,91,field,18,5,90,3 E10,2152.5,1.21,0.99,41.1,-27.07
alc_mol_2,alc_mol_2.jpg,roi_8,149,211,443.446,0.476,186.571,0.544,0.456,2.408,720.347,151.56,760.099,Alchemilla mollis,Alchemilla mollis,2,yes,yes,yes,yes,yes,yes,0.0093,yes,yes,94,field,19,6,114,3 D6,1901.5,1.23,0.69,41.32,-27.13
alc_mol_3,alc_mol_3.jpg,roi_8,266,444,938.802,0.473,399.824,0.558,0.456,2.278,1494.804,331.092,1646.343,Alchemilla mollis,Alchemilla mollis,3,yes,yes,yes,yes,yes,yes,0.0287,yes,yes,92,field,23,7,161,3 C11,2008,1.24,0.7,41.69,-27.08
alc_mol_4,alc_mol_4.jpg,roi_8,116,144,307.593,0.468,123.57,0.492,0.423,1.554,523.814,81.903,477.296,Alchemilla mollis,Alchemilla mollis,4,yes,yes,yes,yes,yes,yes,0.0039,yes,yes,2,field,25,9,225,3 C3,2154.5,1.27,0.94,41.33,-27.03
alc_mol_5,alc_mol_5.jpg,roi_8,80,96,360.341,0.266,198.863,0.659,0.611,2.455,631.908,163.86,745.926,Alchemilla mollis,Alchemilla mollis,5,yes,yes,yes,yes,yes,yes,0.0094,yes,yes,100,field,14,3,42,3 C2,1994.5,1.23,0.85,41.54,-27.17
and_ger_1,and_ger_1.jpg,roi_2,43,45,155.703,0.289,111.77,0.829,0.834,1.557,270.276,94.949,408.496,Andropogon gerardii,Andropogon gerardii,1,yes,yes,yes,yes,yes,yes,0.0184,yes,yes,92,field,0,0,0,2 B4,1910.5,1.17,1.06,42.36,-12.41
and_ger_2,and_ger_2.jpg,roi_2,145,175,431.664,0.405,184.987,0.548,0.508,2.963,719.136,157.965,753.235,Andropogon gerardii,Andropogon gerardii,2,yes,yes,yes,yes,yes,yes,0.0114,yes,yes,83,field,0,0,0,1 G9,1915,1.09,0.46,41.42,-12.71
and_ger_3,and_ger_3.jpg,roi_2,212,268,584.365,0.459,259.734,0.57,0.432,2.083,960.954,231.332,1051.313,Andropogon gerardii,Andropogon gerardii,3,yes,yes,yes,yes,yes,yes,0.0291,yes,yes,80,field,0,0,0,2 A3,1958.5,1.13,1.14,35.64,-12.79
and_ger_4,and_ger_4.jpg,roi_2,132,132,263.209,0.502,126.589,0.607,0.611,1.931,426.149,102.92,505.099,Andropogon gerardii,Andropogon gerardii,4,yes,yes,yes,yes,yes,yes,0.0154,yes,yes,91,field,13,8,104,2 A8,2018.5,1.11,0.79,40.99,-12.59
and_ger_5,and_ger_5.jpg,roi_2,187,253,438.017,0.578,203.276,0.638,0.494,2.438,674.805,230.081,881.395,Andropogon gerardii,Andropogon gerardii,5,yes,yes,yes,yes,yes,yes,0.0132,yes,yes,77,field,0,0,0,1 H2,1845.5,1.13,0.5,41.9,-12.85
and_ger_6,and_ger_6.jpg,roi_2,167,197,310.993,0.633,139.756,0.598,0.593,1.857,464.751,118.748,593.281,Andropogon gerardii,Andropogon gerardii,6,yes,yes,yes,yes,yes,yes,0.0047,yes,yes,62,field,17,5,85,1 A4,1928.5,0.98,2.5,45.73,-12.63
and_ger_7,and_ger_7.jpg,roi_2,146,216,485.494,0.445,256.507,0.71,0.515,2.222,746.836,304.368,1087.495,Andropogon gerardii,Andropogon gerardii,7,yes,yes,yes,yes,yes,yes,0.0329,yes,yes,75,field,0,0,0,2 C1,2066.5,1.3,1.55,42.76,-12.42
ane_tom_1,ane_tom_1.jpg,roi_8,50,58,168.838,0.344,108.224,0.775,0.781,1.893,277.255,96.18,415.39,Anemone tomentosa,Eriocapitella tomentosa,1,yes,yes,yes,yes,yes,yes,0.0131,yes,yes,99,field,10,4,40,3 F1,2000.5,1.34,1.08,41.41,-27.15
ane_tom_2,ane_tom_2.jpg,roi_8,69,87,261.314,0.333,209.161,1.024,1.03,3.105,402.604,287.41,847.317,Anemone tomentosa,Eriocapitella tomentosa,2,yes,yes,yes,yes,yes,yes,0.0434,yes,yes,87,field,43,1,43,3 C6,1958,1.27,0.82,41.94,-27.08
ane_tom_3,ane_tom_3.jpg,roi_8,65,73,241.652,0.302,146.654,0.741,0.677,2.384,413.827,138.382,561.604,Anemone tomentosa,Eriocapitella tomentosa,3,yes,yes,yes,yes,yes,yes,0.0234,yes,yes,91,field,0,0,0,3 E1,1861,1.29,0.77,41.14,-27.16
ane_tom_4,ane_tom_4.jpg,roi_8,70,104,294.855,0.353,193.912,0.781,0.757,1.8,489.95,172.957,728.637,Anemone tomentosa,Eriocapitella tomentosa,4,yes,yes,yes,yes,yes,yes,0.0291,yes,yes,98,field,0,0,0,3 D3,2020,1.39,0.82,41.72,-27.07
ane_tom_5,ane_tom_5.jpg,roi_8,93,127,366.028,0.347,155.962,0.501,0.456,1.401,641.378,87.54,578.437,Anemone tomentosa,Eriocapitella tomentosa,5,yes,yes,yes,yes,yes,yes,0.0154,yes,yes,94,field,0,0,0,3 F3,2109.5,1.27,1.07,41.63,-27.19
aqu_can_1,aqu_can_1.jpg,roi_6,174,256,396.302,0.646,118.125,0.385,0.339,1.389,645.902,62.603,480.281,Aquilegia canadensis,Aquilegia canadensis,1,yes,yes,yes,yes,yes,yes,0.0036,yes,yes,76,field,37,7,259,1 F11,2118.5,1.86,-0.51,42.77,-28.77
art_cam_1,art_cam_1.jpg,roi_2,66,92,224.821,0.409,116.878,0.633,0.593,1.5,370.622,94.977,452.867,Artemisia campestris,Artemisia campestris,1,yes,yes,yes,yes,yes,yes,0.0054,yes,yes,9,field,13,3,39,2 G1,1991.5,2.12,3.08,53.84,-27.65
art_cam_2,art_cam_2.jpg,roi_2,29,29,232.871,0.125,134.729,0.64,0.599,1.447,441.697,87.207,467.209,Artemisia campestris,Artemisia campestris,2,yes,yes,yes,yes,yes,yes,0.0043,yes,yes,17,field,19,7,133,2 G4,1922.5,1.69,2.98,44.9,-27.73
asc_syr_1,asc_syr_1.jpg,roi_2,138,156,396.663,0.393,191.729,0.566,0.593,1.314,689.685,121.486,712.391,Asclepias syriaca,Asclepias syriaca,1,yes,yes,yes,yes,yes,yes,0.0117,yes,yes,94,field,27,17,459,1 F9,2171,4.1,4.2,39.74,-28.95
aur_sax_1,aur_sax_1.jpg,roi_6,100,112,293.601,0.381,115.494,0.455,0.432,1.152,531.287,62.984,420.747,Aurinia saxatilis,Aurinia saxatilis,1,yes,yes,yes,yes,yes,yes,0.0071,yes,yes,6,field,39,6,234,3 D12,1833,1.9,-2.95,43.07,-29.6
aur_sax_2,aur_sax_2.jpg,roi_6,130,148,274.793,0.539,81.17,0.358,0.349,1.185,476.051,35.064,311.95,Aurinia saxatilis,Aurinia saxatilis,2,yes,yes,yes,yes,yes,yes,0.0031,yes,yes,5,field,63,6,378,3 E6,2038,2.15,-2.86,42.22,-29.55
aur_sax_3,aur_sax_3.jpg,roi_6,101,161,248.604,0.648,105.971,0.548,0.599,1.378,382.381,75.221,431.721,Aurinia saxatilis,Aurinia saxatilis,3,yes,yes,yes,yes,yes,yes,0.0051,yes,yes,22,field,37,6,222,3 F9,2066.5,1.97,-3.02,43.46,-29.56
aur_sax_4,aur_sax_4.jpg,roi_6,147,209,253.991,0.823,90.831,0.518,0.432,1.778,358.025,81.804,418.342,Aurinia saxatilis,Aurinia saxatilis,4,yes,yes,yes,yes,yes,yes,0.0038,yes,yes,9,field,46,8,368,3 F2,1982,2.19,-2.62,42.81,-29.49
aur_sax_5,aur_sax_5.jpg,roi_6,126,152,266.447,0.57,105.908,0.508,0.456,1.859,429.367,74.736,428.105,Aurinia saxatilis,Aurinia saxatilis,5,yes,yes,yes,yes,yes,yes,0.0044,yes,yes,0,field,43,9,387,3 E5,1999,1.8,-3.27,43.79,-29.65
bap_aus_1,bap_aus_1.jpg,roi_2,51,51,233.549,0.218,219.901,1.107,0.987,3.293,400.695,314.225,814.536,Baptisia australis,Baptisia australis,1,yes,yes,yes,yes,yes,yes,0.0611,yes,yes,NA,field,9,22,198,1 C5,2188,2.2,-0.1,44.07,-27.06
bap_aus_2,bap_aus_2.jpg,roi_1,71,81,491.571,0.165,421.25,0.993,1.02,2.657,868.807,446.884,1537.918,Baptisia australis,Baptisia australis,2,yes,yes,yes,yes,yes,yes,0.03326,yes,yes,NA,field,8,23,184,1 B4,1879,1.8,-0.31,43.51,-26.92
bap_aus_3,bap_aus_3.jpg,roi_2,71,97,340.218,0.285,280.551,1.05,0.987,2.983,532.41,386.4,1123.375,Baptisia australis,Baptisia australis,3,yes,yes,yes,yes,yes,yes,0.0599,yes,yes,NA,field,12,25,300,1 B1,2159,2.09,0.01,42.34,-27.03
bap_aus_4,bap_aus_4.jpg,roi_1,65,85,275.274,0.309,171.337,0.741,0.723,1.704,467.343,142.538,644.727,Baptisia australis,Baptisia australis,4,yes,yes,yes,yes,yes,yes,0.01405,yes,yes,NA,field,7,15,105,1 C6,1917.5,2.43,-0.44,46.32,-26.41
bap_aus_5,bap_aus_5.jpg,roi_1,54,70,318.369,0.22,231.725,0.899,0.884,2.259,532.703,250.52,894.702,Baptisia australis,Baptisia australis,5,yes,yes,yes,yes,yes,yes,0.02101,yes,yes,NA,field,13,25,325,1 B6,2137,1.8,-0.37,43.82,-27.04
bap_aus_6,bap_aus_6.jpg,roi_2,54,48,233.414,0.206,151.543,0.756,0.757,1.794,412.548,118.291,554.387,Baptisia australis,Baptisia australis,6,yes,yes,yes,yes,yes,yes,0.0081,yes,yes,NA,field,7,18,126,2 B8,2022.5,2.8,0.26,43.65,-26.69
bap_aus_7,bap_aus_7.jpg,roi_2,37,35,127.36,0.275,78.253,0.722,0.723,1.778,222.693,60.886,289.752,Baptisia australis,Baptisia australis,7,yes,yes,yes,yes,yes,yes,0.0082,yes,yes,NA,field,10,17,170,1 A5,2098,1.79,-0.22,43.92,-26.81
bio_umb_1,bio_umb_1.jpg,roi_2,145,299,494.805,0.604,107.555,0.267,0.239,1.104,880.925,41.132,414.9,Biophytum umbraculum,Biophytum umbraculum,1,yes,yes,yes,yes,yes,yes,0.0067,yes,yes,18,glasshouse,17,13,221,1 F4,2123.5,0.95,-4.22,45.51,-29.43
bio_umb_2,bio_umb_2.jpg,roi_2,82,94,244.137,0.385,60.914,0.297,0.254,1.13,449.368,23.392,228.116,Biophytum umbraculum,Biophytum umbraculum,2,yes,yes,yes,yes,yes,yes,0.0028,yes,yes,26,glasshouse,16,15,240,1 F3,1817.5,1.04,-3.59,44.44,-29.46
bra_nig_1,bra_nig_1.jpg,roi_6,47,51,218.53,0.233,118.656,0.602,0.645,1.365,402.882,75.643,419.033,Brassica nigra,Brassica nigra,1,yes,yes,yes,yes,yes,yes,0.007,yes,yes,0,field,0,0,0,3 F6,1944.5,4.62,0.98,41.26,-29.49
bra_nig_2,bra_nig_2.jpg,roi_6,48,48,258.689,0.186,173.251,0.747,0.677,2.88,480.963,156.826,610.806,Brassica nigra,Brassica nigra,2,yes,yes,yes,yes,yes,yes,0.013,yes,yes,0,field,0,0,0,3 E12,2090.5,4.47,0.69,41.09,-29.4
bra_nig_3,bra_nig_3.jpg,roi_6,106,140,323.802,0.432,100.077,0.369,0.339,1.339,577.444,47.236,377.825,Brassica nigra,Brassica nigra,3,yes,yes,yes,yes,yes,yes,0.0028,yes,yes,0,field,0,0,0,3 C9,1829,4.3,0.79,40.77,-29.43
bra_nig_4,bra_nig_4.jpg,roi_6,114,142,342.213,0.415,140.711,0.479,0.432,1.618,602.623,84.154,521.743,Brassica nigra,Brassica nigra,4,yes,yes,yes,yes,yes,yes,0.0047,yes,yes,3,field,0,0,0,3 C10,1846.5,4.5,1.1,40.76,-29.43
bra_nig_5,bra_nig_5.jpg,roi_6,143,147,357.68,0.411,223.297,0.757,0.799,1.78,584.822,202.339,861.194,Brassica nigra,Brassica nigra,5,yes,yes,yes,yes,yes,yes,0.0069,yes,yes,0,field,0,0,0,3 D2,2107.5,4.35,0.91,41.15,-29.47
cam_rad_1,cam_rad_1.jpg,roi_2,148,182,464.527,0.392,234.258,0.62,0.535,2.208,770.623,192.135,907.835,Campsis radicans,Campsis radicans,1,yes,yes,yes,yes,yes,yes,0.0265,yes,yes,66,field,7,28,196,2 F6,2090.5,1.49,1.6,44.68,-26.01
cam_rad_2,cam_rad_2.jpg,roi_2,106,130,362.474,0.359,181.605,0.583,0.611,1.439,633.08,114.52,665.98,Campsis radicans,Campsis radicans,2,yes,yes,yes,yes,yes,yes,0.0161,yes,yes,37,field,8,26,208,2 E7,1933.5,1.56,1.64,45.24,-26.36
cam_rad_3,cam_rad_3.jpg,roi_2,123,181,426.69,0.424,209.182,0.6,0.568,1.554,709.413,147.562,805.303,Campsis radicans,Campsis radicans,3,yes,yes,yes,yes,yes,yes,0.0141,yes,yes,80,field,6,26,156,2 E1,1893,1.47,1.55,44.31,-26.32
cam_rad_4,cam_rad_4.jpg,roi_2,148,210,411.05,0.511,199.801,0.625,0.568,1.737,642.858,161.223,809.625,Campsis radicans,Campsis radicans,4,yes,yes,yes,yes,yes,yes,0.0176,yes,yes,54,field,5,20,100,2 F3,1916.5,1.55,1.58,43.58,-26.39
cam_rad_5,cam_rad_5.jpg,roi_2,104,132,274.324,0.481,106.595,0.479,0.456,1.533,461.352,59.377,414.067,Campsis radicans,Campsis radicans,5,yes,yes,yes,yes,yes,yes,0.004,yes,yes,71,field,4,19,76,2 C6,1993,1.42,1.74,44.79,-26.04
car_otr_1,car_otr_1.jpg,roi_2,292,588,539.208,1.09,98.79,0.285,0.189,1.365,806.316,53.358,474.813,Carex otrubae,Carex otrubae,1,yes,yes,yes,yes,yes,yes,0.0028,yes,yes,6,field,22,17,374,3 B7,1866.5,0.88,-0.4,40.96,-25.52
car_otr_2,car_otr_2.jpg,roi_8,139,199,342.8,0.581,128.545,0.534,0.349,2.196,522.559,128.549,571.964,Carex otrubae,Carex otrubae,2,yes,yes,yes,yes,yes,yes,0.0115,yes,yes,68,field,26,12,312,3 B1,2074,0.87,0.05,43.12,-25.53
car_otr_3,car_otr_3.jpg,roi_8,601,1155,823.94,1.402,158.855,0.331,0.254,2.422,1086.772,121.304,854.923,Carex otrubae,Carex otrubae,3,yes,yes,yes,yes,yes,yes,0.0079,yes,yes,10,field,28,13,364,2 H7,2036.5,0.75,-0.13,44.02,-25.21
car_otr_4,car_otr_4.jpg,roi_8,287,373,413.748,0.902,133.313,0.463,0.423,1.903,583.283,100.685,608.542,Carex otrubae,Carex otrubae,4,yes,yes,yes,yes,yes,yes,0.0081,yes,yes,15,field,30,8,240,3 A9,2115,0.88,0.11,40.87,-25.45
car_otr_5,car_otr_5.jpg,roi_8,362,560,501.114,1.118,153.487,0.513,0.339,2.046,628.345,178.85,818.737,Carex otrubae,Carex otrubae,5,yes,yes,yes,yes,yes,yes,0.0109,yes,yes,23,field,27,9,243,3 A11,2143,0.73,-0.24,43.91,-24.91
cer_arv_1,cer_arv_1.jpg,roi_8,428,652,889.669,0.733,271.931,0.403,0.349,1.687,1408.276,162.468,1133.246,Cerastium arvense,Cerastium arvense,1,yes,yes,yes,yes,yes,yes,0.0079,yes,yes,12,field,50,1,50,3 E7,1871.5,1.87,-0.6,42.1,-27.55
cer_arv_2,cer_arv_2.jpg,roi_8,95,119,221.242,0.538,79.532,0.446,0.432,1.292,364.359,44.415,312.691,Cerastium arvense,Cerastium arvense,2,yes,yes,yes,yes,yes,yes,0.0024,yes,yes,37,field,0,0,0,3 C4,1980.5,2.11,-0.67,42.72,-27.55
cer_arv_3,cer_arv_3.jpg,roi_8,203,301,489.583,0.615,221.93,0.646,0.456,1.982,700.374,250.543,1000.775,Cerastium arvense,Cerastium arvense,3,yes,yes,yes,yes,yes,yes,0.0178,yes,yes,22,field,20,3,60,3 C7,2139.5,2.04,-0.83,42.59,-27.48
cer_arv_4,cer_arv_4.jpg,roi_8,244,316,492.011,0.642,163.225,0.42,0.379,1.317,800.204,87.833,652.104,Cerastium arvense,Cerastium arvense,4,yes,yes,yes,yes,yes,yes,0.0032,yes,yes,29,field,0,0,0,3 D9,1987.5,1.28,-1.64,26.96,-27.62
cer_arv_5,cer_arv_5.jpg,roi_8,196,330,462.246,0.714,147.485,0.43,0.379,1.557,710.312,90.455,627.1,Cerastium arvense,Cerastium arvense,5,yes,yes,yes,yes,yes,yes,0.0031,yes,yes,61,field,10,3,30,3 B12,2083.5,2.11,-0.94,42.59,-27.5
cha_lat_1,cha_lat_1.jpg,roi_2,132,176,366.895,0.48,206.948,0.834,0.508,2.634,528.207,356.162,953.74,Chasmanthium latifolium,Chasmanthium latifolium,1,yes,yes,yes,yes,yes,yes,0.0433,yes,yes,84,field,0,0,0,2 B6,1848.5,1.18,0.52,41.83,-24.08
cha_lat_2,cha_lat_2.jpg,roi_2,207,301,407.465,0.739,150.473,0.66,0.379,2.408,505.195,257.548,857.059,Chasmanthium latifolium,Chasmanthium latifolium,2,yes,yes,yes,yes,yes,yes,0.0233,yes,yes,80,field,0,0,0,2 B7,2163.5,1.82,1,41.43,-24.12
cha_lat_3,cha_lat_3.jpg,roi_2,105,139,404.198,0.344,261.096,0.907,0.683,3.976,608.502,414.826,1146.354,Chasmanthium latifolium,Chasmanthium latifolium,3,yes,yes,yes,yes,yes,yes,0.0488,yes,yes,71,field,0,0,0,2 B2,1886,1.5,0.93,41.64,-23.93
cha_lat_4,cha_lat_4.jpg,roi_2,272,372,622.24,0.598,253.014,0.608,0.359,2.118,899.484,316.684,1201.099,Chasmanthium latifolium,Chasmanthium latifolium,4,yes,yes,yes,yes,yes,yes,0.0474,yes,yes,74,field,0,0,0,1 A2,1951.5,1.66,0.31,44.22,-24.16
cha_lat_5,cha_lat_5.jpg,roi_2,337,455,760.8,0.598,322.25,0.649,0.379,2.846,1090.301,494.785,1566.088,Chasmanthium latifolium,Chasmanthium latifolium,5,yes,yes,yes,yes,yes,yes,0.0597,yes,yes,93,field,0,0,0,1 F2,1976.5,1.2,0.41,42.88,-23.79
cha_lat_6,cha_lat_6.jpg,roi_2,246,426,642.727,0.663,219.55,0.515,0.349,2.992,954.663,248.815,1033.202,Chasmanthium latifolium,Chasmanthium latifolium,6,yes,yes,yes,yes,yes,yes,0.0199,yes,yes,77,field,0,0,0,2 B1,1878.5,1.68,0.91,43.67,-24.16
cha_lat_7,cha_lat_7.jpg,roi_2,271,409,630.348,0.649,237.261,0.597,0.423,2.803,865.283,304.28,1186.533,Chasmanthium latifolium,Chasmanthium latifolium,7,yes,yes,yes,yes,yes,yes,0.0253,yes,yes,61,field,0,0,0,1 F6,1939,1.19,0.63,42.67,-23.66
cri_moo_1,cri_moo_1.jpg,roi_2,73,89,294.415,0.302,183.623,0.743,0.677,1.947,502.365,158.334,690.448,Crinum moorei,Crinum moorei,1,yes,yes,yes,yes,yes,yes,0.0038,yes,yes,93,field,37,3,111,2 C12,1913.5,2.69,1.15,34.58,-26.76
cri_moo_2,cri_moo_2.jpg,roi_2,114,120,356.068,0.337,274.772,0.975,0.799,3.294,570.122,351.799,1098.787,Crinum moorei,Crinum moorei,2,yes,yes,yes,yes,yes,yes,0.0053,yes,yes,69,field,0,0,0,2 D1,1952,2.71,1.12,34.64,-26.84
cri_moo_3,cri_moo_3.jpg,roi_2,160,162,453.713,0.357,342.053,0.945,0.803,2.626,719.451,409.616,1355.687,Crinum moorei,Crinum moorei,3,yes,yes,yes,yes,yes,yes,0.0033,yes,yes,89,field,0,0,0,2 E11,1915.5,2.75,0.96,34.77,-26.75
cri_moo_4,cri_moo_4.jpg,roi_2,110,118,342.774,0.344,234.184,0.836,0.781,2.49,563.515,221.315,907.12,Crinum moorei,Crinum moorei,4,yes,yes,yes,yes,yes,yes,0.0035,yes,yes,88,field,0,0,0,2 E5,2045.5,2.68,1.22,33.52,-26.73
cri_moo_5,cri_moo_5.jpg,roi_2,103,113,341.962,0.33,259.292,0.947,0.912,2.715,543.92,285.046,1028.001,Crinum moorei,Crinum moorei,5,yes,yes,yes,yes,yes,yes,0.0061,yes,yes,97,field,45,1,45,2 F1,2162.5,2.93,1.14,35.71,-26.77
cri_moo_6,cri_moo_6.jpg,roi_2,70,70,250.725,0.279,210.779,1.006,1.061,2.201,421.049,241.234,799.257,Crinum moorei,Crinum moorei,6,yes,yes,yes,yes,yes,yes,0.0036,yes,yes,52,field,0,0,0,2 D7,2128.5,2.66,1.03,34.48,-26.78
cri_moo_7,cri_moo_7.jpg,roi_2,102,112,339.786,0.33,256.232,0.911,0.872,2.083,558.798,262.568,977.767,Crinum moorei,Crinum moorei,7,yes,yes,yes,yes,yes,yes,0.0051,yes,yes,99,field,84,2,168,2 E4,2101.5,2.8,0.99,35.25,-26.75
dor_rec_1,dor_rec_1.jpg,roi_8,60,62,243.19,0.255,239.503,1.223,1.314,3.161,388.51,351.146,938.416,Dorycnium rectum,Lotus rectus,1,yes,yes,yes,yes,yes,yes,0.0338,yes,yes,NA,field,6,22,132,3 D8,1878.5,1.89,-0.02,43.55,-27.46
dor_rec_2,dor_rec_2.jpg,roi_8,87,83,205.169,0.405,142.254,0.972,0.847,3.676,303.485,226.776,629.661,Dorycnium rectum,Lotus rectus,2,yes,yes,yes,yes,yes,yes,0.0121,yes,yes,NA,field,5,24,120,3 F7,1807.5,1.81,-0.01,44.94,-27.46
dor_rec_3,dor_rec_3.jpg,roi_8,56,56,272.56,0.205,242.388,1.031,1.114,2.036,475.051,267.496,885.949,Dorycnium rectum,Lotus rectus,3,yes,yes,yes,yes,yes,yes,0.0253,yes,yes,NA,field,4,17,68,3 E11,1904.5,1.83,0.02,44.68,-27.52
ech_pal_1,ech_pal_1.jpg,roi_2,32,36,125.261,0.287,94.733,0.88,0.834,2.794,218.253,92.11,344.774,Echinacea pallida,Echinacea pallida,1,yes,yes,yes,yes,yes,yes,0.0129,yes,yes,78,field,84,14,1176,1 H11,2126.5,1.28,1.42,39.89,-27.55
equ_hym_1,equ_hym_1.jpg,roi_2,178,250,484.59,0.516,180.648,0.486,0.423,1.964,783.68,123.157,738.375,Equisetum hyemale,Equisetum hyemale,1,yes,yes,yes,yes,yes,yes,0.0282,yes,yes,100,field,0,0,0,1 C11,2090.5,1.04,1.99,46.55,-28.71
equ_hym_2,equ_hym_2.jpg,roi_6,232,322,476.394,0.676,181.949,0.527,0.423,1.745,705.026,148.797,790.003,Equisetum hyemale,Equisetum hyemale,2,yes,yes,yes,yes,yes,yes,0.0167,yes,yes,99,field,0,0,0,1 D11,2016.5,1.07,2.15,45.54,-28.75
equ_hym_3,equ_hym_3.jpg,roi_6,176,222,314.469,0.706,124.998,0.559,0.515,1.609,448.126,102.058,555.818,Equisetum hyemale,Equisetum hyemale,3,yes,yes,yes,yes,yes,yes,0.0126,yes,yes,100,field,0,0,0,1 D9,2113,1,2.49,48.36,-28.88
equ_hym_4,equ_hym_4.jpg,roi_6,180,238,333.33,0.714,123.605,0.508,0.479,1.984,495.89,89.755,536.176,Equisetum hyemale,Equisetum hyemale,4,yes,yes,yes,yes,yes,yes,0.0111,yes,yes,100,field,0,0,0,1 A3,1988.5,1.1,2.91,46.55,-28.86
equ_hym_5,equ_hym_5.jpg,roi_2,123,143,246.54,0.58,75.373,0.389,0.349,1.314,405.17,37.503,303.002,Equisetum hyemale,Equisetum hyemale,5,yes,yes,yes,yes,yes,yes,0.0062,yes,yes,98,field,0,0,0,1 D10,2122,0.97,2.31,47.94,-29
equ_hym_6,equ_hym_6.jpg,roi_2,388,562,817.18,0.688,263.906,0.435,0.379,1.762,1262.808,166.876,1120.502,Equisetum hyemale,Equisetum hyemale,6,yes,yes,yes,yes,yes,yes,0.024,yes,yes,97,field,0,0,0,1 E5,1869.5,0.88,2.03,48.48,-28.86
equ_hym_7,equ_hym_7.jpg,roi_6,255,357,473.303,0.754,183.704,0.536,0.508,1.727,682.441,142.26,803.427,Equisetum hyemale,Equisetum hyemale,7,yes,yes,yes,yes,yes,yes,0.0191,yes,yes,97,field,0,0,0,1 D5,1884.5,1.05,1.68,46.96,-28.68
ero_tri_1,ero_tri_1.jpg,roi_8,66,72,202.249,0.356,88.1,0.504,0.508,1.188,359.862,48.189,323.287,Erodium trifolium,Erodium trifolium,1,yes,yes,yes,yes,yes,yes,0.0019,yes,yes,56,field,37,23,851,3 D7,1804.5,2.13,1.08,40.54,-28.55
ero_tri_2,ero_tri_2.jpg,roi_8,83,93,265.553,0.35,122.353,0.569,0.535,1.857,458.978,88.455,472.914,Erodium trifolium,Erodium trifolium,2,yes,yes,yes,yes,yes,yes,0.0028,yes,yes,67,field,35,19,665,3 C1,1859,2.12,1.2,41.24,-28.48
ero_tri_3,ero_tri_3.jpg,roi_8,71,75,244.699,0.306,126.435,0.589,0.568,1.355,441.585,79.123,454.221,Erodium trifolium,Erodium trifolium,3,yes,yes,yes,yes,yes,yes,0.0017,yes,yes,47,field,45,16,720,3 E9,1957.5,2.03,0.99,43.5,-28.55
ero_tri_4,ero_tri_4.jpg,roi_8,69,71,194.847,0.364,101.269,0.63,0.542,2.096,330.589,77.479,387.732,Erodium trifolium,Erodium trifolium,4,yes,yes,yes,yes,yes,yes,0.0018,yes,yes,78,field,33,24,792,3 D4,1924,2.07,0.99,41.62,-28.63
ero_tri_5,ero_tri_5.jpg,roi_8,60,56,224.875,0.249,125.546,0.656,0.599,2.711,402.316,98.882,466.372,Erodium trifolium,Erodium trifolium,5,yes,yes,yes,yes,yes,yes,0.0029,yes,yes,87,field,47,22,1034,3 C5,2011,2.07,1.09,42.53,-28.5
gal_apa_1,gal_apa_1.jpg,roi_2,92,146,299.304,0.488,92.353,0.371,0.349,1.25,523.835,42.274,349.845,Galium aparine,Galium aparine,1,yes,yes,yes,yes,yes,yes,0.0024,yes,yes,18,field,67,5,335,1 F1,1980.5,1.92,-0.77,37.7,-29.25
geu_tri_1,geu_tri_1.jpg,roi_2,110,199,437.402,0.455,207.109,0.608,0.494,2.007,698.253,191.022,844.285,Geum triflorum,Geum triflorum,1,yes,yes,yes,yes,yes,yes,0.0046,yes,yes,81,field,54,5,270,2 D4,1874.5,1.36,0.15,41.39,-30.27
geu_tri_2,geu_tri_2.jpg,roi_2,44,62,235.392,0.263,73.616,0.366,0.254,1.317,432.205,40.827,276.873,Geum triflorum,Geum triflorum,2,yes,yes,yes,yes,yes,yes,0.0014,yes,yes,73,field,54,3,162,2 E12,2016.5,1.39,0.23,39.6,-30.03
geu_tri_3,geu_tri_3.jpg,roi_2,86,126,324.194,0.389,124.333,0.465,0.423,1.591,562.639,76.545,474.821,Geum triflorum,Geum triflorum,3,yes,yes,yes,yes,yes,yes,0.0028,yes,yes,96,field,45,3,135,2 C4,2175.5,1.44,0.36,41.85,-30.08
geu_tri_4,geu_tri_4.jpg,roi_2,323,557,870.554,0.64,294.774,0.462,0.359,2.547,1370.43,227.267,1260.052,Geum triflorum,Geum triflorum,4,yes,yes,yes,yes,yes,yes,0.0057,yes,yes,95,field,65,2,130,2 D8,2124.5,1.45,0.6,41.15,-30.04
geu_tri_5,geu_tri_5.jpg,roi_2,119,213,404.594,0.526,138.143,0.48,0.379,2.198,632.316,112.681,607.783,Geum triflorum,Geum triflorum,5,yes,yes,yes,yes,yes,yes,0.0033,yes,yes,55,field,37,9,333,2 D2,2043,1.36,0.14,41.74,-30.01
geu_tri_6,geu_tri_6.jpg,roi_2,189,339,633.737,0.535,239.345,0.524,0.379,2.965,997.703,233.045,1036.646,Geum triflorum,Geum triflorum,6,yes,yes,yes,yes,yes,yes,0.0074,yes,yes,70,field,15,5,75,2 E2,1941,1.34,0.1,36,-30.32
geu_tri_7,geu_tri_7.jpg,roi_2,109,161,362.848,0.444,109.071,0.362,0.339,1.743,644.85,52.894,412.602,Geum triflorum,Geum triflorum,7,yes,yes,yes,yes,yes,yes,0.0019,yes,yes,91,field,25,5,125,2 F8,2061.5,1.46,0.43,41.67,-29.98
iri_mis_1,iri_mis_1.jpg,roi_2,118,182,520.684,0.35,190.67,0.433,0.379,1.533,920.27,95.51,707.92,Iris missouriensis,Iris missouriensis,1,yes,yes,yes,yes,yes,yes,0.0061,yes,yes,44,field,0,0,0,2 E10,1919,1.35,3.98,41.03,-29.37
iri_mis_2,iri_mis_2.jpg,roi_2,219,313,654.036,0.479,390.379,0.775,0.677,3.082,1013.379,430.204,1599.752,Iris missouriensis,Iris missouriensis,2,yes,yes,yes,yes,yes,yes,0.0161,yes,yes,72,field,0,0,0,2 C11,1948.5,1.2,3.98,42.64,-29.4
iri_mis_3,iri_mis_3.jpg,roi_2,141,189,444.607,0.425,198.351,0.545,0.508,1.969,740.654,136.233,768.821,Iris missouriensis,Iris missouriensis,3,yes,yes,yes,yes,yes,yes,0.0073,yes,yes,65,field,0,0,0,2 D3,1965,1.23,3.61,41.18,-29.28
iri_mis_4,iri_mis_4.jpg,roi_2,271,395,1137.751,0.347,833.319,0.981,0.799,3.861,1706.201,1321.374,3536.385,Iris missouriensis,Iris missouriensis,4,yes,yes,yes,yes,yes,yes,0.0406,yes,yes,63,field,0,0,0,2 D12,2024,1.2,3.85,42.24,-29.39
iri_mis_5,iri_mis_5.jpg,roi_2,527,783,1538.509,0.509,842.059,0.781,0.645,3.772,2209.193,1099.853,3780.518,Iris missouriensis,Iris missouriensis,5,yes,yes,yes,yes,yes,yes,0.0289,yes,yes,47,field,0,0,0,2 D9,2017,1.21,3.86,41.92,-29.41
iri_mis_6,iri_mis_6.jpg,roi_2,220,270,778.833,0.347,474.397,0.752,0.611,2.865,1289.881,505.638,1852.197,Iris missouriensis,Iris missouriensis,6,yes,yes,yes,yes,yes,yes,0.0277,yes,yes,54,field,0,0,0,2 F4,1997,1.34,3.7,41.95,-29.49
iri_mis_7,iri_mis_7.jpg,roi_2,83,109,296.467,0.368,155.901,0.642,0.593,1.857,491.626,122.2,601.796,Iris missouriensis,Iris missouriensis,7,yes,yes,yes,yes,yes,yes,0.0063,yes,yes,59,field,0,0,0,2 E9,2000.5,1.22,3.96,43.28,-29.42
jun_inf_1,jun_inf_1.jpg,roi_2,225,493,563.961,0.874,126.383,0.327,0.239,1.401,872.364,76.006,572.604,Juncus inflexus,Juncus inflexus,1,yes,yes,yes,yes,yes,yes,0.0056,yes,yes,18,field,41,18,738,2 G11,2019.5,0.78,0.95,41.99,-27.84
jun_inf_2,jun_inf_2.jpg,roi_2,116,264,312.95,0.844,48.521,0.211,0.169,0.728,536.946,14.952,204.068,Juncus inflexus,Juncus inflexus,2,yes,yes,yes,yes,yes,yes,0.0011,yes,yes,0,field,83,32,2656,2 H10,2160.5,0.73,0.71,42.97,-27.85
jun_inf_3,jun_inf_3.jpg,roi_2,546,1292,1649.086,0.783,368.261,0.323,0.239,1.818,2622.883,228.011,1649.216,Juncus inflexus,Juncus inflexus,3,yes,yes,yes,yes,yes,yes,0.0107,yes,yes,11,field,44,8,352,2 G9,2102,0.7,0.75,42.37,-27.88
jun_inf_4,jun_inf_4.jpg,roi_2,239,493,601.515,0.82,150.439,0.366,0.305,1.515,908.416,92.087,681.363,Juncus inflexus,Juncus inflexus,4,yes,yes,yes,yes,yes,yes,0.0053,yes,yes,23,field,52,16,832,3 A10,2167,0.7,1,40.86,-27.95
jun_inf_5,jun_inf_5.jpg,roi_2,608,1338,1625.392,0.823,391.533,0.355,0.268,1.949,2464.08,251.187,1790.419,Juncus inflexus,Juncus inflexus,5,yes,yes,yes,yes,yes,yes,0.0108,yes,yes,4,field,67,18,1206,2 F9,1942,0.84,0.98,39.69,-27.8
lin_per_1,lin_per_1.jpg,roi_8,102,98,188.008,0.521,75.052,0.489,0.423,2.046,321.109,50.67,294.203,Linum perenne,Linum perenne,1,yes,yes,yes,yes,yes,yes,0.0018,yes,yes,28,field,0,0,0,3 F5,1881,1.79,-0.33,43.76,-28.64
lin_per_2,lin_per_2.jpg,roi_8,218,258,512.12,0.504,268.817,0.679,0.616,2.82,811.05,245.465,1101.896,Linum perenne,Linum perenne,2,yes,yes,yes,yes,yes,yes,0.0049,yes,yes,37,field,0,0,0,3 C12,2007,1.89,-0.52,43.31,-28.75
lin_per_3,lin_per_3.jpg,roi_8,319,395,824.032,0.479,382.689,0.57,0.535,1.796,1354.133,261.622,1490.647,Linum perenne,Linum perenne,3,yes,yes,yes,yes,yes,yes,0.0064,yes,yes,7,field,23,12,276,3 E2,1814.5,1.66,-0.79,44.29,-28.54
lin_per_4,lin_per_4.jpg,roi_8,238,296,611.969,0.484,241.039,0.483,0.456,1.618,1027.67,141.144,930.812,Linum perenne,Linum perenne,4,yes,yes,yes,yes,yes,yes,0.0049,yes,yes,22,field,0,0,0,3 F11,1992.5,1.68,-0.51,43.61,-28.56
lin_per_5,lin_per_5.jpg,roi_8,162,232,474.252,0.489,201.068,0.538,0.494,1.582,760.73,132.917,802.76,Linum perenne,Linum perenne,5,yes,yes,yes,yes,yes,yes,0.0047,yes,yes,18,field,0,0,0,3 F4,1812.5,1.7,-0.39,44.22,-28.56
lin_vul_1,lin_vul_1.jpg,roi_6,169,279,495.406,0.563,234.989,0.688,0.456,3.409,721.912,314.773,1073.208,Linaria vulgaris,Linaria vulgaris,1,yes,yes,yes,yes,yes,yes,0.0091,yes,yes,31,field,0,0,0,1 C1,1972.5,1.87,1.56,43.72,-29.5
lin_vul_2,lin_vul_2.jpg,roi_6,68,78,160.004,0.487,97.876,0.791,0.834,1.947,240.81,102.788,402.914,Linaria vulgaris,Linaria vulgaris,2,yes,yes,yes,yes,yes,yes,0.0023,yes,yes,38,field,78,3,234,1 D7,1866,1.99,1.35,43.2,-29.37
lin_vul_3,lin_vul_3.jpg,roi_6,215,257,555.727,0.462,291.707,0.717,0.593,2.614,841.024,324.481,1260.269,Linaria vulgaris,Linaria vulgaris,3,yes,yes,yes,yes,yes,yes,0.0046,yes,yes,15,field,66,2,132,1 C4,1803.5,2.29,1.44,42.22,-29.88
lin_vul_4,lin_vul_4.jpg,roi_6,115,163,398.038,0.41,237.055,0.794,0.508,2.709,619.987,336.621,998.973,Linaria vulgaris,Linaria vulgaris,4,yes,yes,yes,yes,yes,yes,0.0148,yes,yes,21,field,87,1,87,1 D1,1864.5,1.97,1.4,42.45,-29.48
lin_vul_5,lin_vul_5.jpg,roi_6,101,151,338.877,0.446,224.397,0.848,0.611,2.313,528.471,295.407,910.119,Linaria vulgaris,Linaria vulgaris,5,yes,yes,yes,yes,yes,yes,0.0111,yes,yes,40,field,0,0,0,1 E9,2173,2.02,1.37,42.93,-29.37
lin_vul_6,lin_vul_6.jpg,roi_6,106,140,260.834,0.537,150.975,0.744,0.781,2.17,399.526,161.541,615.203,Linaria vulgaris,Linaria vulgaris,6,yes,yes,yes,yes,yes,yes,0.0032,yes,yes,35,field,0,0,0,1 D12,1886,2.05,1.35,43.17,-29.4
lin_vul_7,lin_vul_7.jpg,roi_6,194,258,512.904,0.503,238.709,0.636,0.494,3.192,799.697,273.661,1033.838,Linaria vulgaris,Linaria vulgaris,7,yes,yes,yes,yes,yes,yes,0.0067,yes,yes,2,field,77,8,616,1 H1,1992,1.89,0.95,41.28,-29.1
mer_ann_1,mer_ann_1.jpg,roi_8,202,262,525.871,0.498,238.424,0.586,0.508,2.919,839.033,208.957,979.2,Mercurialis annua,Mercurialis annua,1,yes,yes,yes,yes,yes,yes,0.0039,yes,yes,42,field,78,9,702,3 D11,1807.5,1.51,-0.18,37.09,-29.8
mer_ann_2,mer_ann_2.jpg,roi_8,260,334,693.496,0.482,388.596,0.77,0.611,2.7,1027.601,485.222,1683.981,Mercurialis annua,Mercurialis annua,2,yes,yes,yes,yes,yes,yes,0.0161,yes,yes,47,field,59,11,649,3 E4,1863.5,1.33,-0.43,38.52,-29.79
mer_ann_3,mer_ann_3.jpg,roi_6,79,87,234.213,0.371,113.706,0.565,0.508,1.409,410.41,73.763,420.608,Mercurialis annua,Mercurialis annua,3,yes,yes,yes,yes,yes,yes,0.0014,yes,yes,48,field,45,13,585,3 C8,1905,0.93,-0.17,41.52,-30.12
mer_ann_4,mer_ann_4.jpg,roi_6,113,159,351.095,0.453,187.666,0.696,0.677,2.076,538.97,170.789,772.931,Mercurialis annua,Mercurialis annua,4,yes,yes,yes,yes,yes,yes,0.0029,yes,yes,35,field,76,12,912,3 D10,1884.5,0.85,-0.87,42.66,-30.29
mer_ann_5,mer_ann_5.jpg,roi_6,174,182,463.266,0.393,330.705,0.891,0.863,3.142,733.739,380.857,1310.509,Mercurialis annua,Mercurialis annua,5,yes,yes,yes,yes,yes,yes,0.0045,yes,yes,53,field,53,7,371,3 F10,1859.5,1.27,-0.43,38.94,-29.9
mon_fis_1,mon_fis_1.jpg,roi_2,220,356,762.39,0.467,253.575,0.407,0.359,1.368,1303.953,132.39,977.913,Monarda fistulosa,Monarda fistulosa,1,yes,yes,yes,yes,yes,yes,0.0169,yes,yes,72,field,25,6,150,1 D6,2180.5,1.36,0.29,42,-28.12
mon_fis_2,mon_fis_2.jpg,roi_2,55,53,209.924,0.252,79.143,0.434,0.456,1.023,384.496,36.854,285.919,Monarda fistulosa,Monarda fistulosa,2,yes,yes,yes,yes,yes,yes,0.0034,yes,yes,87,field,21,5,105,1 F5,2167,1.5,0.16,41.74,-28.04
mon_fis_3,mon_fis_3.jpg,roi_2,89,155,403.342,0.384,115.856,0.342,0.254,1.663,726.285,55.104,433.763,Monarda fistulosa,Monarda fistulosa,3,yes,yes,yes,yes,yes,yes,0.0123,yes,yes,84,field,100,4,400,2 C2,1867.5,1.56,0.67,38.94,-28.27
mon_fis_4,mon_fis_4.jpg,roi_2,115,209,525.06,0.398,137.552,0.317,0.305,1.25,940.463,53.143,520.348,Monarda fistulosa,Monarda fistulosa,4,yes,yes,yes,yes,yes,yes,0.0048,yes,yes,90,field,37,3,111,1 G6,1980.5,1.63,0.49,41.14,-28.12
mon_fis_5,mon_fis_5.jpg,roi_2,61,77,221.247,0.348,98.025,0.547,0.456,2.25,384.051,72.047,380.132,Monarda fistulosa,Monarda fistulosa,5,yes,yes,yes,yes,yes,yes,0.0035,yes,yes,69,field,76,12,912,2 A5,1860.5,1.37,0.71,39.65,-29.46
mon_fis_6,mon_fis_6.jpg,roi_2,205,391,838.541,0.466,293.745,0.444,0.349,1.768,1409.268,185.74,1155.903,Monarda fistulosa,Monarda fistulosa,6,yes,yes,yes,yes,yes,yes,0.0238,yes,yes,73,field,11,3,33,1 G10,2061,1.56,0.4,40.82,-28.15
mon_fis_7,mon_fis_7.jpg,roi_2,106,200,599.134,0.334,244.507,0.51,0.423,2.117,1027.438,178.404,957.92,Monarda fistulosa,Monarda fistulosa,7,yes,yes,yes,yes,yes,yes,0.0131,yes,yes,80,field,46,4,184,1 G8,1819,1.58,0.32,39.82,-28.31
nas_ten_1,nas_ten_1.jpg,roi_2,441,493,789.673,0.624,318.265,0.524,0.456,2.198,1236.448,241.895,1316.249,Nassella tenuissima,Nassella tenuissima,1,yes,yes,yes,yes,yes,yes,0.0082,yes,yes,25,field,0,0,0,1 B10,2117.5,0.63,0.32,46.9,-29.14
nas_ten_2,nas_ten_2.jpg,roi_2,193,213,317.918,0.67,102.149,0.434,0.359,1.526,495.465,69.423,438.658,Nassella tenuissima,Nassella tenuissima,2,yes,yes,yes,yes,yes,yes,0.001,yes,yes,14,field,0,0,0,1 C2,1804.5,1.02,-0.22,45.15,-28.35
nas_ten_3,nas_ten_3.jpg,roi_2,185,237,446.018,0.531,208.224,0.598,0.593,2.973,703.858,181.377,846.941,Nassella tenuissima,Nassella tenuissima,3,yes,yes,yes,yes,yes,yes,0.0084,yes,yes,43,field,0,0,0,1 B3,1978,1.09,-0.33,45.42,-28.3
nas_ten_4,nas_ten_4.jpg,roi_2,260,314,541.084,0.58,198.75,0.457,0.423,1.481,887.187,123.776,792.418,Nassella tenuissima,Nassella tenuissima,4,yes,yes,yes,yes,yes,yes,0.0127,yes,yes,50,field,0,0,0,1 D3,1939.5,1.22,-0.56,42.92,-28.15
nas_ten_5,nas_ten_5.jpg,roi_2,86,90,180.479,0.499,76.064,0.512,0.593,1.203,300.496,50.202,293.539,Nassella tenuissima,Nassella tenuissima,5,yes,yes,yes,yes,yes,yes,0.0056,yes,yes,20,field,0,0,0,2 B11,2022.5,1.39,0.28,43.26,-28.72
nas_ten_6,nas_ten_6.jpg,roi_2,104,122,211.12,0.578,95.98,0.58,0.593,1.606,331.668,75.213,388.582,Nassella tenuissima,Nassella tenuissima,6,yes,yes,yes,yes,yes,yes,0.0049,yes,yes,26,field,0,0,0,1 A11,2073.5,0.68,0.5,47.05,-28.93
nas_ten_7,nas_ten_7.jpg,roi_2,141,179,284.011,0.63,98.247,0.457,0.423,1.618,445.771,63.031,409.834,Nassella tenuissima,Nassella tenuissima,7,yes,yes,yes,yes,yes,yes,0.0011,yes,yes,47,field,0,0,0,1 B9,2129.5,1.03,0.45,46.1,-28.24
ono_sen_1,ono_sen_1.jpg,roi_2,120,166,495.452,0.335,161.724,0.384,0.339,1.295,896.234,72.703,596.812,Onoclea sensibilis,Onoclea sensibilis,1,yes,yes,yes,yes,yes,yes,0.0074,yes,yes,65,field,67,6,402,1 H5,1913.5,1.3,-0.55,41.79,-31.27
ono_sen_2,ono_sen_2.jpg,roi_6,114,220,547.947,0.401,180.363,0.404,0.339,1.575,958.136,95.934,686.687,Onoclea sensibilis,Onoclea sensibilis,2,yes,yes,yes,yes,yes,yes,0.0061,yes,yes,38,field,125,4,500,1 E2,2055,0.91,-0.77,41.81,-26.63
ono_sen_3,ono_sen_3.jpg,roi_2,217,331,881.463,0.376,355.899,0.518,0.379,2.386,1490.226,279.378,1426.896,Onoclea sensibilis,Onoclea sensibilis,3,yes,yes,yes,yes,yes,yes,0.0355,yes,yes,53,field,38,8,304,1 E6,2140.5,0.89,-0.86,42.34,-26.72
ono_sen_4,ono_sen_4.jpg,roi_2,95,147,452.555,0.325,177.677,0.483,0.423,1.663,777.453,104.18,683.117,Onoclea sensibilis,Onoclea sensibilis,4,yes,yes,yes,yes,yes,yes,0.0112,yes,yes,43,field,28,4,112,1 B2,1930.5,1.13,-0.13,40.27,-26.6
ono_sen_5,ono_sen_5.jpg,roi_6,109,171,481.606,0.355,215.179,0.564,0.423,2.235,822.301,181.345,840.811,Onoclea sensibilis,Onoclea sensibilis,5,yes,yes,yes,yes,yes,yes,0.0133,yes,yes,46,field,88,9,792,1 C12,1869,1.05,-0.61,40.35,-26.46
ono_sen_6,ono_sen_6.jpg,roi_6,110,192,495.51,0.387,188.663,0.477,0.423,1.863,839.677,115.788,739.335,Onoclea sensibilis,Onoclea sensibilis,6,yes,yes,yes,yes,yes,yes,0.0144,yes,yes,27,field,54,13,702,1 D8,2093.5,1.05,-0.19,41.44,-26.71
ono_sen_7,ono_sen_7.jpg,roi_6,91,149,327.756,0.455,173.776,0.749,0.593,3.218,483.095,211.528,767.649,Onoclea sensibilis,Onoclea sensibilis,7,yes,yes,yes,yes,yes,yes,0.0171,yes,yes,62,field,91,10,910,1 E3,2165,0.87,-0.33,40.85,-25.59
pan_vir_1,pan_vir_1.jpg,roi_2,194,296,452.078,0.655,131.525,0.392,0.268,1.5,722.501,82.497,555.121,Panicum virgatum,Panicum virgatum,1,yes,yes,yes,yes,yes,yes,0.0048,yes,yes,57,field,0,0,0,2 B9,2163.5,0.86,1.75,44.41,-12.86
pan_vir_2,pan_vir_2.jpg,roi_2,171,203,597.927,0.34,420.35,0.892,0.723,4.403,960.451,576.413,1698.758,Panicum virgatum,Panicum virgatum,2,yes,yes,yes,yes,yes,yes,0.0402,yes,yes,68,field,0,0,0,2 B3,2130,0.88,1.56,44.98,-12.76
pan_vir_3,pan_vir_3.jpg,roi_2,148,162,323.971,0.5,167.358,0.644,0.599,1.933,521.467,137.932,663.516,Panicum virgatum,Panicum virgatum,3,yes,yes,yes,yes,yes,yes,0.0099,yes,yes,61,field,0,0,0,1 H6,2010.5,1.45,0.42,44.11,-13.52
pan_vir_4,pan_vir_4.jpg,roi_2,150,160,348.775,0.459,160.435,0.589,0.611,1.663,545.158,123.473,654.752,Panicum virgatum,Panicum virgatum,4,yes,yes,yes,yes,yes,yes,0.0084,yes,yes,40,field,0,0,0,1 G5,1921,0.98,1.02,45.03,-13.04
pan_vir_5,pan_vir_5.jpg,roi_2,165,207,441.273,0.469,150.76,0.43,0.379,1.786,749.059,95.009,599.151,Panicum virgatum,Panicum virgatum,5,yes,yes,yes,yes,yes,yes,0.0093,yes,yes,26,field,0,0,0,2 A11,1860.5,1.3,0.35,46.19,-13.4
pan_vir_6,pan_vir_6.jpg,roi_2,383,571,699.681,0.816,196.602,0.385,0.339,1.668,1086.539,120.669,852.816,Panicum virgatum,Panicum virgatum,6,yes,yes,yes,yes,yes,yes,0.0061,yes,yes,82,field,17,3,51,1 F7,2096.5,1.09,1.41,44.61,-13.05
pan_vir_7,pan_vir_7.jpg,roi_2,210,304,710.849,0.428,344.318,0.62,0.542,2.198,1139.588,289.77,1395.953,Panicum virgatum,Panicum virgatum,7,yes,yes,yes,yes,yes,yes,0.0113,yes,yes,32,field,20,4,80,1 H10,1932.5,0.89,1.22,44.79,-13.27
pet_axi_1,pet_axi_1.jpg,roi_8,111,135,264.651,0.51,142.324,0.674,0.683,1.786,415.756,117.46,568.309,Petunia axillaris,Petunia axillaris,1,yes,yes,yes,yes,yes,yes,0.0037,yes,yes,52,field,87,13,1131,3 A2,1911.5,2.27,-2.13,41.67,-28.91
pet_axi_2,pet_axi_2.jpg,roi_8,246,322,578.366,0.557,285.171,0.643,0.568,2.352,887.254,256.142,1178.629,Petunia axillaris,Petunia axillaris,2,yes,yes,yes,yes,yes,yes,0.0045,yes,yes,44,field,65,14,910,2 F10,2029,2.2,-1.71,42.82,-28.66
pet_axi_3,pet_axi_3.jpg,roi_8,130,140,263.94,0.53,127.58,0.597,0.568,1.745,424.846,99.997,503.144,Petunia axillaris,Petunia axillaris,3,yes,yes,yes,yes,yes,yes,0.0029,yes,yes,58,field,77,18,1386,3 A5,1920.5,2.11,-2.08,42.39,-28.94
pet_axi_4,pet_axi_4.jpg,roi_8,226,324,605.167,0.535,337.069,0.781,0.683,2.879,854.62,413.008,1497.899,Petunia axillaris,Petunia axillaris,4,yes,yes,yes,yes,yes,yes,0.0069,yes,yes,33,field,88,16,1408,3 B9,1835.5,1.67,-2.63,43.66,-29.18
pet_axi_5,pet_axi_5.jpg,roi_8,177,215,377.579,0.569,184.46,0.635,0.535,2.048,580.835,165.405,761.307,Petunia axillaris,Petunia axillaris,5,yes,yes,yes,yes,yes,yes,0.0038,yes,yes,37,field,72,14,1008,2 G3,1849,2.26,-2.14,41.7,-28.79
pha_aru_1,pha_aru_1.jpg,roi_2,559,803,810.398,0.991,241.501,0.412,0.379,1.498,1185.853,145.074,1061.557,Phalaris arundinacea,Phalaris arundinacea,1,yes,yes,yes,yes,yes,yes,0.0055,yes,yes,39,field,78,4,312,3 B8,2171,0.88,1.14,42.66,-27.54
pha_aru_2,pha_aru_2.jpg,roi_2,369,545,696.072,0.783,272.098,0.551,0.494,2.585,999.171,228.465,1217.397,Phalaris arundinacea,Phalaris arundinacea,2,yes,yes,yes,yes,yes,yes,0.0052,yes,yes,7,field,36,3,108,2 F12,2155.5,0.79,0.9,43.17,-27.22
pha_aru_3,pha_aru_3.jpg,roi_2,391,625,911.781,0.685,420.804,0.765,0.542,3.848,1151.19,727.765,2201.338,Phalaris arundinacea,Phalaris arundinacea,3,yes,yes,yes,yes,yes,yes,0.0109,yes,yes,69,field,67,4,268,2 H4,2070,0.92,1.11,41.15,-27.45
pha_aru_4,pha_aru_4.jpg,roi_2,305,419,623.249,0.672,280.254,0.631,0.568,2.359,873.308,277.27,1253.025,Phalaris arundinacea,Phalaris arundinacea,4,yes,yes,yes,yes,yes,yes,0.0094,yes,yes,88,field,85,7,595,2 G2,2052.5,0.87,0.93,41.06,-27.43
pha_aru_5,pha_aru_5.jpg,roi_2,673,1217,1503.074,0.81,599.391,0.63,0.515,3.029,1883.075,706.169,2993.211,Phalaris arundinacea,Phalaris arundinacea,5,yes,yes,yes,yes,yes,yes,0.0147,yes,yes,70,field,67,2,134,3 A4,1865,0.88,1.19,41.51,-27.72
pha_aru_6,pha_aru_6.jpg,roi_2,209,311,450.946,0.69,221.948,0.741,0.611,3.09,601.841,307.572,1056.815,Phalaris arundinacea,Phalaris arundinacea,6,yes,yes,yes,yes,yes,yes,0.0104,yes,yes,86,field,87,7,609,2 H3,2064,0.9,0.98,41.52,-27.45
pha_aru_7,pha_aru_7.jpg,roi_2,718,1141,1676.871,0.68,804.963,0.758,0.593,3.877,2152.879,1270.951,4051.865,Phalaris arundinacea,Phalaris arundinacea,7,yes,yes,yes,yes,yes,yes,0.0227,yes,yes,93,field,75,9,675,3 A12,2076.5,0.84,0.98,42.68,-27.67
poa_pra_1,poa_pra_1.jpg,roi_2,148,318,360.96,0.881,53.116,0.208,0.169,0.931,615.021,17.692,228.453,Poa pratensis,Poa pratensis,1,yes,yes,yes,yes,yes,yes,0.0017,yes,yes,43,field,32,6,192,1 F8,2137.5,0.58,1.27,41.29,-28.94
pol_sco_1,pol_sco_1.jpg,roi_8,130,210,435.242,0.482,130.455,0.372,0.339,1.618,757.868,68.444,505.223,Polygonum scoparium,Polygonum scoparium,1,yes,yes,yes,yes,yes,yes,0.0119,yes,yes,23,field,24,4,96,3 D5,2133.5,1.38,-3.13,45.75,-29.03
pol_sco_2,pol_sco_2.jpg,roi_8,102,174,308.679,0.564,72.812,0.307,0.239,1.693,532.379,37.357,295.11,Polygonum scoparium,Polygonum scoparium,2,yes,yes,yes,yes,yes,yes,0.0017,yes,yes,20,field,67,3,201,3 D1,2153.5,1.55,-2.03,44.46,-29.25
pol_sco_3,pol_sco_3.jpg,roi_8,66,86,167.33,0.514,53.555,0.379,0.379,0.947,295.276,23.281,199.518,Polygonum scoparium,Polygonum scoparium,3,yes,yes,yes,yes,yes,yes,0.0039,yes,yes,8,field,11,2,22,3 E3,1835.5,1.49,-2.46,44.59,-29.27
pol_sco_4,pol_sco_4.jpg,roi_8,106,148,234.476,0.631,54.577,0.289,0.268,0.958,408.844,20.361,212.159,Polygonum scoparium,Polygonum scoparium,4,yes,yes,yes,yes,yes,yes,0.0026,yes,yes,15,field,52,5,260,3 F8,1972.5,1.04,-3.77,35.04,-28.99
pol_sco_5,pol_sco_5.jpg,roi_6,207,335,462.747,0.724,94.287,0.265,0.239,1.152,788.813,37.439,384.751,Polygonum scoparium,Polygonum scoparium,5,yes,yes,yes,yes,yes,yes,0.0037,yes,yes,65,field,11,7,77,3 E8,1997.5,1.37,-3.31,45.61,-29.04
pon_mac_1,pon_mac_1.jpg,roi_8,81,137,343.896,0.398,102.96,0.363,0.349,1.197,605.819,44.082,389.264,Pontechium maculatum,Pontechium maculatum,1,yes,yes,yes,yes,yes,yes,0.003,yes,yes,21,field,16,15,240,2 G6,2126,3.77,0.64,38.25,-27.36
pon_mac_2,pon_mac_2.jpg,roi_8,56,94,295.152,0.318,69.57,0.286,0.254,1.197,537.775,24.732,263.501,Pontechium maculatum,Pontechium maculatum,2,yes,yes,yes,yes,yes,yes,9e-4,yes,yes,37,field,53,13,689,2 G10,1870.5,3.89,0.55,40.11,-27.34
pon_mac_3,pon_mac_3.jpg,roi_8,78,112,255.235,0.439,71.378,0.347,0.339,1.136,445.375,30.58,276.436,Pontechium maculatum,Pontechium maculatum,3,yes,yes,yes,yes,yes,yes,0.0013,yes,yes,65,field,16,16,256,3 A6,1962,3.86,0.11,40.34,-27.24
pon_mac_4,pon_mac_4.jpg,roi_8,46,68,211.655,0.321,79.045,0.436,0.423,1.101,377.66,38.501,289.536,Pontechium maculatum,Pontechium maculatum,4,yes,yes,yes,yes,yes,yes,0.0018,yes,yes,49,field,14,17,238,2 H11,2092.5,3.74,0.51,39.07,-27.35
pon_mac_5,pon_mac_5.jpg,roi_8,59,85,278.945,0.305,75.034,0.312,0.305,0.781,517.279,26.949,272.667,Pontechium maculatum,Pontechium maculatum,5,yes,yes,yes,yes,yes,yes,0.0026,yes,yes,42,field,28,15,420,3 A1,2135.5,1.78,0.13,20.42,-27.43
pot_rec_1,pot_rec_1.jpg,roi_6,49,53,150.579,0.352,92.247,0.721,0.757,1.644,257.001,72.566,345.575,Potentilla recta,Potentilla recta,1,yes,yes,yes,yes,yes,yes,0.0154,yes,yes,79,field,0,0,0,2 B10,1954,1.14,0.99,42.48,-28.39
pot_rec_2,pot_rec_2.jpg,roi_2,53,83,231.406,0.359,128.1,0.686,0.599,2.201,382.843,121.151,499.193,Potentilla recta,Potentilla recta,2,yes,yes,yes,yes,yes,yes,0.0191,yes,yes,91,field,35,6,210,1 B11,2191,0.72,-0.66,24.1,-28.22
pot_rec_3,pot_rec_3.jpg,roi_6,139,239,445.145,0.537,174.89,0.502,0.379,2.954,734.74,147.206,703.943,Potentilla recta,Potentilla recta,3,yes,yes,yes,yes,yes,yes,0.0249,yes,yes,65,field,19,5,95,1 H7,2141.5,1.11,0.55,44.65,-28.32
pot_rec_4,pot_rec_4.jpg,roi_2,164,324,485.054,0.668,143.521,0.387,0.305,1.479,791.074,83.698,585.781,Potentilla recta,Potentilla recta,4,yes,yes,yes,yes,yes,yes,0.0087,yes,yes,68,field,17,3,51,1 E1,1979.5,1.6,0.32,43.46,-28.03
pot_rec_5,pot_rec_5.jpg,roi_6,62,80,222.646,0.359,155.915,0.859,0.834,2.095,364.798,172.741,592.28,Potentilla recta,Potentilla recta,5,yes,yes,yes,yes,yes,yes,0.0304,yes,yes,86,field,20,15,300,1 D2,1967,1.24,0.41,41.45,-28.39
pot_rec_6,pot_rec_6.jpg,roi_6,116,146,359.806,0.406,140.249,0.466,0.423,1.526,625.731,82.305,528.278,Potentilla recta,Potentilla recta,6,yes,yes,yes,yes,yes,yes,0.0104,yes,yes,29,field,23,2,46,1 A12,2127,1.61,0.91,42.19,-28.06
pot_rec_7,pot_rec_7.jpg,roi_6,70,76,259.684,0.293,127.378,0.581,0.508,1.78,459.194,94.624,474.148,Potentilla recta,Potentilla recta,7,yes,yes,yes,yes,yes,yes,0.0117,yes,yes,93,field,26,10,260,1 D4,2113.5,1.55,0.76,44.62,-28.15
rud_hir_1,rud_hir_1.jpg,roi_2,108,172,410.042,0.419,150.704,0.461,0.339,1.903,712.148,102.444,588.343,Rudbeckia hirta,Rudbeckia hirta,1,yes,yes,yes,yes,yes,yes,0.0039,yes,yes,11,field,47,7,329,1 A8,1947,3.31,-4.57,42.03,-29.66
rud_hir_2,rud_hir_2.jpg,roi_2,116,116,423.386,0.274,129.414,0.347,0.305,1.314,800.779,55.211,461.604,Rudbeckia hirta,Rudbeckia hirta,2,yes,yes,yes,yes,yes,yes,0.0025,yes,yes,2,field,32,12,384,1 A9,1926.5,3.24,-4.01,41.2,-29.52
rud_hir_3,rud_hir_3.jpg,roi_2,138,190,585.423,0.325,242.374,0.49,0.456,1.591,1039.68,141.444,899.102,Rudbeckia hirta,Rudbeckia hirta,3,yes,yes,yes,yes,yes,yes,0.0034,yes,yes,2,field,68,19,1292,2 A1,2167,2.58,-3.82,40.45,-25.71
rud_hir_4,rud_hir_4.jpg,roi_2,63,83,328.95,0.252,108.15,0.378,0.349,1.25,609.336,46.285,390.724,Rudbeckia hirta,Rudbeckia hirta,4,yes,yes,yes,yes,yes,yes,9e-4,yes,yes,29,field,57,12,684,1 B5,2004,3.2,-4.27,41.28,-28.56
rud_hir_5,rud_hir_5.jpg,roi_2,60,90,231.222,0.389,84.996,0.436,0.379,1.355,408.792,46.041,317.464,Rudbeckia hirta,Rudbeckia hirta,5,yes,yes,yes,yes,yes,yes,0.0018,yes,yes,10,field,81,9,729,1 C7,1932.5,3.05,-4.48,39.08,-29.49
rud_hir_6,rud_hir_6.jpg,roi_2,82,114,324.608,0.351,99.027,0.361,0.339,1.061,587.42,41.459,367.36,Rudbeckia hirta,Rudbeckia hirta,6,yes,yes,yes,yes,yes,yes,7e-4,yes,yes,9,field,77,13,1001,2 A7,1833.5,2.76,-4.04,39.92,-27.17
rud_hir_7,rud_hir_7.jpg,roi_2,47,53,171.157,0.31,38.235,0.259,0.239,0.728,323.232,11.145,139.092,Rudbeckia hirta,Rudbeckia hirta,7,yes,yes,yes,yes,yes,yes,4e-4,yes,yes,11,field,69,24,1656,1 G4,2063,2.93,-4.23,40.36,-27.7
rum_ace_1,rum_ace_1.jpg,roi_2,80,122,292.327,0.417,117.593,0.496,0.508,1.524,500.884,78.279,454.454,Rumex acetosella,Rumex acetosella,1,yes,yes,yes,yes,yes,yes,0.0018,yes,yes,4,field,57,14,798,1 E12,1896,1.73,-0.23,44.74,-27.88
rum_ace_2,rum_ace_2.jpg,roi_2,81,109,240.555,0.453,51.475,0.257,0.239,0.847,439.261,17.037,194.381,Rumex acetosella,Rumex acetosella,2,yes,yes,yes,yes,yes,yes,0.0033,yes,yes,13,field,69,17,1173,2 C3,2091.5,1.63,-0.38,43.38,-28.38
rum_ace_3,rum_ace_3.jpg,roi_2,93,149,388.999,0.383,150.826,0.46,0.339,1.481,685.337,98.521,567.377,Rumex acetosella,Rumex acetosella,3,yes,yes,yes,yes,yes,yes,0.0047,yes,yes,41,field,43,15,645,2 A4,2087.5,1.61,-0.26,43.15,-28.45
rum_ace_4,rum_ace_4.jpg,roi_2,141,209,404.093,0.517,137.41,0.415,0.379,1.863,693.138,81.279,531.093,Rumex acetosella,Rumex acetosella,4,yes,yes,yes,yes,yes,yes,0.0045,yes,yes,11,field,74,13,962,1 H4,1987,1.66,-0.57,43.28,-27.78
rum_ace_5,rum_ace_5.jpg,roi_2,118,156,364.587,0.428,93.758,0.312,0.268,1.188,655.023,37.357,357.035,Rumex acetosella,Rumex acetosella,5,yes,yes,yes,yes,yes,yes,0.0034,yes,yes,19,field,45,10,450,2 A2,2124,1.59,-0.36,43.01,-27.78
rum_ace_6,rum_ace_6.jpg,roi_2,65,73,200.233,0.365,67.939,0.401,0.379,1.687,359.323,34.08,254.717,Rumex acetosella,Rumex acetosella,6,yes,yes,yes,yes,yes,yes,0.0013,yes,yes,0,field,73,13,949,1 G1,2062.5,1.72,-0.45,42.82,-27.69
rum_ace_7,rum_ace_7.jpg,roi_2,168,258,464.617,0.555,118.971,0.322,0.268,1.152,809.567,52.967,466.566,Rumex acetosella,Rumex acetosella,7,yes,yes,yes,yes,yes,yes,0.0045,yes,yes,5,field,40,11,440,1 E11,2010.5,1.72,0.38,45.33,-27.62
sal_scl_1,sal_scl_1.jpg,roi_8,99,135,343.134,0.393,134.057,0.474,0.349,1.597,599.58,86.094,510.54,Salvia sclarea,Salvia sclarea,1,yes,yes,yes,yes,yes,yes,0.0041,yes,yes,9,field,21,1,21,2 F11,1928.5,1.74,1.77,39.57,-28.17
sal_scl_2,sal_scl_2.jpg,roi_8,71,107,333.719,0.321,119.111,0.428,0.359,1.557,595.133,64.654,447.059,Salvia sclarea,Salvia sclarea,2,yes,yes,yes,yes,yes,yes,0.0036,yes,yes,0,field,0,0,0,3 A3,2156.5,1.95,1.79,39.68,-28.37
sal_scl_3,sal_scl_3.jpg,roi_8,87,119,325.087,0.366,139.726,0.525,0.423,1.629,562.309,95.46,532.659,Salvia sclarea,Salvia sclarea,3,yes,yes,yes,yes,yes,yes,0.0035,yes,yes,35,field,20,3,60,2 G8,1948.5,1.92,1.73,40.29,-28.32
sal_scl_4,sal_scl_4.jpg,roi_8,102,130,342.809,0.379,114.412,0.388,0.379,0.947,618.771,51.731,418.735,Salvia sclarea,Salvia sclarea,4,yes,yes,yes,yes,yes,yes,0.0021,yes,yes,57,field,0,0,0,2 G7,2087.5,1.96,1.73,41.84,-28.33
sal_scl_5,sal_scl_5.jpg,roi_8,81,107,355.465,0.301,133.077,0.429,0.423,1.314,653.266,65.158,479.075,Salvia sclarea,Salvia sclarea,5,yes,yes,yes,yes,yes,yes,0.0028,yes,yes,31,field,24,3,72,3 A7,1985.5,2.02,2.01,38.19,-28.43
sch_sco_1,sch_sco_1.jpg,roi_2,234,270,681.191,0.396,310.774,0.564,0.479,2.039,1146.963,246.575,1214.388,Schizachyrium scoparium,Schizachyrium scoparium,1,yes,yes,yes,yes,yes,yes,0.0197,yes,yes,31,field,49,12,588,2 A6,2170,0.98,1.74,44.48,-12.28
sch_sco_2,sch_sco_2.jpg,roi_2,196,232,467.664,0.496,193.819,0.532,0.479,1.526,750.883,150.317,791.674,Schizachyrium scoparium,Schizachyrium scoparium,2,yes,yes,yes,yes,yes,yes,0.0287,yes,yes,13,field,46,12,552,2 B5,1811,1.04,1.37,44.22,-12.4
sch_sco_3,sch_sco_3.jpg,roi_2,242,328,589.303,0.557,149.602,0.328,0.268,1.389,1001.849,70.375,604.989,Schizachyrium scoparium,Schizachyrium scoparium,3,yes,yes,yes,yes,yes,yes,0.00906,yes,yes,55,field,38,11,418,2 F2,2040.5,1.22,1.54,43.93,-12.64
sch_sco_4,sch_sco_4.jpg,roi_2,250,296,532.205,0.556,231.768,0.566,0.432,2.424,841.864,207.669,963.104,Schizachyrium scoparium,Schizachyrium scoparium,4,yes,yes,yes,yes,yes,yes,0.0135,yes,yes,28,field,44,14,616,2 A10,2165.5,1.06,1.54,38.9,-12.49
sch_sco_5,sch_sco_5.jpg,roi_2,150,204,423.787,0.481,182.768,0.564,0.423,2.083,684.374,163.511,755.183,Schizachyrium scoparium,Schizachyrium scoparium,5,yes,yes,yes,yes,yes,yes,0.0293,yes,yes,51,field,67,18,1206,2 E6,2191.5,1.22,1.8,45.67,-13.24
sch_sco_6,sch_sco_6.jpg,roi_2,164,220,398.732,0.552,138.573,0.439,0.359,1.365,657.199,84.078,553.142,Schizachyrium scoparium,Schizachyrium scoparium,6,yes,yes,yes,yes,yes,yes,0.0076,yes,yes,38,field,14,3,42,2 D11,1803,1.13,1.56,42.86,-12.7
sch_sco_7,sch_sco_7.jpg,roi_2,280,334,640.146,0.522,278.655,0.547,0.423,2.275,1059.031,242.541,1120.704,Schizachyrium scoparium,Schizachyrium scoparium,7,yes,yes,yes,yes,yes,yes,0.02592,yes,yes,29,field,14,4,56,1 G3,1861.5,1.16,1.34,44.88,-12.69
sci_hol_1,sci_hol_1.jpg,roi_8,81,111,189.992,0.584,63.254,0.442,0.423,1.479,304.816,40.683,261.969,Scirpoides holoschoenus,Scirpoides holoschoenus,1,yes,yes,yes,yes,yes,yes,8e-4,yes,yes,32,field,18,13,234,2 H6,1942.5,0.89,-1.31,42.31,-26.84
sci_hol_2,sci_hol_2.jpg,roi_8,276,550,431.366,1.275,85.797,0.307,0.189,1.212,621.513,52.637,415.826,Scirpoides holoschoenus,Scirpoides holoschoenus,2,yes,yes,yes,yes,yes,yes,0.0025,yes,yes,34,field,36,3,108,2 H5,1815.5,0.71,-2.75,45.54,-27.06
sci_hol_3,sci_hol_3.jpg,roi_8,287,593,464.551,1.277,82.512,0.28,0.239,1.273,670.985,42.781,404.024,Scirpoides holoschoenus,Scirpoides holoschoenus,3,yes,yes,yes,yes,yes,yes,0.0019,yes,yes,59,field,0,0,0,2 G5,1803,0.75,-2.52,44.56,-27.13
sci_hol_4,sci_hol_4.jpg,roi_8,334,652,643.956,1.012,148.175,0.352,0.254,1.702,943.152,102.517,705.212,Scirpoides holoschoenus,Scirpoides holoschoenus,4,yes,yes,yes,yes,yes,yes,0.0047,yes,yes,73,field,0,0,0,2 H9,1821.5,0.69,-2.93,45.29,-27.09
sci_hol_5,sci_hol_5.jpg,roi_8,256,380,409.696,0.928,116.36,0.395,0.305,1.609,617.921,79.488,516.057,Scirpoides holoschoenus,Scirpoides holoschoenus,5,yes,yes,yes,yes,yes,yes,0.0059,yes,yes,63,field,0,0,0,2 H1,2156.5,0.78,-2.11,45.32,-26.81
sol_can_1,sol_can_1.jpg,roi_2,101,151,390.653,0.387,169.639,0.541,0.494,2.142,661.88,122.237,660.999,Solidago canadensis,Solidago canadensis,1,yes,yes,yes,yes,yes,yes,0.0102,yes,yes,65,field,63,15,945,2 A12,1813.5,2.12,2.76,40.38,-28.51
sol_can_2,sol_can_2.jpg,roi_2,131,239,592.635,0.403,234.826,0.495,0.423,2.032,997.244,153.301,918.347,Solidago canadensis,Solidago canadensis,2,yes,yes,yes,yes,yes,yes,0.0127,yes,yes,45,field,23,6,138,1 E10,2082.5,1.56,2.08,42.7,-27.48
sol_can_3,sol_can_3.jpg,Full,308,432,1134.444,0.381,377.619,0.418,0.254,2.303,1988.841,285.275,1489.366,Solidago canadensis,Solidago canadensis,3,yes,yes,yes,yes,yes,yes,0.04718,yes,yes,42,field,16,8,128,1 H3,2186.5,1.6,1.84,41.64,-27.21
sol_can_4,sol_can_4.jpg,roi_2,165,239,586.036,0.408,256.849,0.547,0.494,1.743,977.586,186.786,1007.778,Solidago canadensis,Solidago canadensis,4,yes,yes,yes,yes,yes,yes,0.0145,yes,yes,100,field,14,6,84,1 G12,2143,1.51,1.72,39.87,-27
sol_can_5,sol_can_5.jpg,roi_2,172,232,602.363,0.385,265.473,0.544,0.423,2.386,1035.588,224.076,1027.611,Solidago canadensis,Solidago canadensis,5,yes,yes,yes,yes,yes,yes,0.0304,yes,yes,43,field,25,13,325,1 A10,2054,1.57,2.44,42.82,-27.72
sol_can_6,sol_can_6.jpg,Full,253,421,1022.493,0.412,414.022,0.56,0.379,3.72,1635.52,454.462,1796.336,Solidago canadensis,Solidago canadensis,6,yes,yes,yes,yes,yes,yes,0.02541,yes,yes,26,field,33,7,231,1 B7,2018.5,1.48,2.28,42.4,-27.1
sol_can_7,sol_can_7.jpg,Full,193,255,797.977,0.32,286.145,0.422,0.349,1.409,1443.778,157.497,1058.87,Solidago canadensis,Solidago canadensis,7,yes,yes,yes,yes,yes,yes,0.02234,yes,yes,89,field,19,8,152,2 B12,1879.5,2.05,2.46,39.63,-28.06
sta_pal_1,sta_pal_1.jpg,roi_6,80,102,241.174,0.423,146.53,0.745,0.723,2.259,394.159,140.887,567.937,Stachys palustris,Stachys palustris,1,yes,yes,yes,yes,yes,yes,0.0101,yes,yes,93,field,0,0,0,1 B12,2198.5,1.26,1.81,44.37,-28.99
sta_pal_2,sta_pal_2.jpg,roi_6,66,84,182.419,0.46,96.046,0.666,0.718,1.668,290.811,88.945,386.254,Stachys palustris,Stachys palustris,2,yes,yes,yes,yes,yes,yes,0.0056,yes,yes,100,field,27,4,108,1 B8,1937,1.24,1.4,44.55,-28.99
sta_pal_3,sta_pal_3.jpg,roi_6,106,128,323.624,0.396,147.611,0.565,0.423,1.687,544.358,115.929,577.242,Stachys palustris,Stachys palustris,3,yes,yes,yes,yes,yes,yes,0.0082,yes,yes,100,field,0,0,0,1 E7,2164,1.29,1.57,44.11,-29.02
sta_pal_4,sta_pal_4.jpg,roi_6,67,85,213.261,0.399,113.573,0.643,0.508,1.557,356.571,95.634,435.365,Stachys palustris,Stachys palustris,4,yes,yes,yes,yes,yes,yes,0.0069,yes,yes,89,field,32,5,160,1 E4,1914,1.16,1.35,45.12,-28.89
sta_pal_5,sta_pal_5.jpg,roi_2,64,70,198.622,0.352,87.692,0.554,0.423,1.91,335.687,72.039,348.146,Stachys palustris,Stachys palustris,5,yes,yes,yes,yes,yes,yes,0.0113,yes,yes,100,field,41,7,287,1 C3,1976,1.22,1.67,44.67,-29.07
sta_pal_6,sta_pal_6.jpg,roi_6,84,112,259.811,0.431,126.962,0.602,0.508,2.067,432.538,103.1,495.917,Stachys palustris,Stachys palustris,6,yes,yes,yes,yes,yes,yes,0.0062,yes,yes,97,field,37,9,333,1 C8,2049.5,1.16,1.34,44.58,-29.04
sta_pal_7,sta_pal_7.jpg,roi_6,81,119,235.223,0.506,106.552,0.587,0.423,1.663,381.981,91.358,429.534,Stachys palustris,Stachys palustris,7,yes,yes,yes,yes,yes,yes,0.0037,yes,yes,96,field,0,0,0,1 E8,2076.5,1.39,1.61,44.46,-29.06
sym_eri_1,sym_eri_1.jpg,roi_2,61,63,187.728,0.336,85.242,0.523,0.535,1.203,335.791,49.979,310.346,Symphyotrichum ericoides,Symphyotrichum ericoides,1,yes,yes,yes,yes,yes,yes,0.0067,yes,yes,45,glasshouse,47,29,1363,2 C8,1978.5,1.44,0.61,41.26,-29.33
sym_eri_2,sym_eri_2.jpg,roi_4,65,63,181.48,0.347,57.306,0.367,0.349,1.02,330.28,23.937,210.417,Symphyotrichum ericoides,Symphyotrichum ericoides,2,yes,yes,yes,yes,yes,yes,0.0026,yes,yes,89,glasshouse,41,24,984,2 E3,1912,1.49,0.7,40.61,-29.38
sym_eri_3,sym_eri_3.jpg,roi_6,21,21,109.085,0.193,63.747,0.646,0.677,1.439,201.876,42.764,223.485,Symphyotrichum ericoides,Symphyotrichum ericoides,3,yes,yes,yes,yes,yes,yes,0.0065,yes,yes,60,glasshouse,68,35,2380,2 D6,1999.5,1.57,0.91,41.28,-29.36
tar_off_1,tar_off_1.jpg,roi_2,87,85,273.353,0.311,127.815,0.545,0.423,2.254,495.101,105.336,472.588,Taraxacum officinale,Taraxacum officinale,1,yes,yes,yes,yes,yes,yes,0.0071,yes,yes,88,field,65,3,195,3 B4,1980,1.62,2.54,38.58,-29.01
tar_off_2,tar_off_2.jpg,roi_2,94,96,279.986,0.343,123.89,0.507,0.456,1.355,507.845,72.403,448.134,Taraxacum officinale,Taraxacum officinale,2,yes,yes,yes,yes,yes,yes,0.0035,yes,yes,100,field,32,6,192,2 H2,1928,1.6,2.1,38.82,-29.03
tar_off_3,tar_off_3.jpg,roi_2,48,46,147.605,0.312,76.446,0.6,0.479,1.743,266.331,54.08,278.472,Taraxacum officinale,Taraxacum officinale,3,yes,yes,yes,yes,yes,yes,0.0012,yes,yes,91,field,41,6,246,3 B2,1827.5,1.57,1.93,40.03,-29.07
tar_off_4,tar_off_4.jpg,roi_2,57,65,270.525,0.24,106.557,0.452,0.423,1.139,498.049,51.649,382.812,Taraxacum officinale,Taraxacum officinale,4,yes,yes,yes,yes,yes,yes,0.003,yes,yes,98,field,39,12,468,3 B11,1969,1.49,2.13,39.37,-28.97
tar_off_5,tar_off_5.jpg,roi_2,68,80,262.383,0.305,126.091,0.551,0.535,1.25,466.967,74.725,458.061,Taraxacum officinale,Taraxacum officinale,5,yes,yes,yes,yes,yes,yes,0.0037,yes,yes,85,field,38,2,76,3 B6,2065.5,1.59,2.38,38.8,-29.08
tar_off_6,tar_off_6.jpg,roi_2,73,83,329.067,0.252,149.009,0.518,0.494,1.339,599.948,81.897,536.541,Taraxacum officinale,Taraxacum officinale,6,yes,yes,yes,yes,yes,yes,0.0045,yes,yes,97,field,52,5,260,2 H12,1982.5,1.69,2.21,40.02,-29.14
tar_off_7,tar_off_7.jpg,roi_2,59,57,229.446,0.248,112.301,0.552,0.593,1.27,423.788,65.402,397.45,Taraxacum officinale,Taraxacum officinale,7,yes,yes,yes,yes,yes,yes,0.003,yes,yes,100,field,34,1,34,3 B3,1986,1.68,2.45,40.21,-29.09
the_mon_1,the_mon_1.jpg,roi_8,119,141,334.497,0.422,247.783,1.048,0.958,2.793,458.607,386.611,1107.731,Thermopsis montana,Thermopsis montana,1,yes,yes,yes,yes,yes,yes,0.0332,yes,yes,NA,field,14,15,210,3 B5,1863.5,2.31,-0.29,44.34,-26.56
the_mon_2,the_mon_2.jpg,roi_8,60,72,231.745,0.311,212.534,1.159,1.13,3.602,367.021,315.317,840.551,Thermopsis montana,Thermopsis montana,2,yes,yes,yes,yes,yes,yes,0.0341,yes,yes,NA,field,11,16,176,3 A8,2096.5,2.37,0.01,44.52,-26.58
the_mon_3,the_mon_3.jpg,roi_8,94,102,281.495,0.362,240.379,1.232,1.061,4.189,388.67,472.438,1102.22,Thermopsis montana,Thermopsis montana,3,yes,yes,yes,yes,yes,yes,0.0335,yes,yes,NA,field,8,13,104,2 G12,2079.5,2.39,-0.21,43.91,-26.39
the_mon_4,the_mon_4.jpg,roi_8,71,73,222.038,0.329,203.496,1.427,1.32,4.911,283.906,529.873,1000.265,Thermopsis montana,Thermopsis montana,4,yes,yes,yes,yes,yes,yes,0.0324,yes,yes,NA,field,7,13,91,3 B10,1998,2.42,-0.21,43.35,-26.45
the_mon_5,the_mon_5.jpg,roi_8,119,141,416.92,0.338,377.347,1.406,1.212,4.456,522.36,930.291,1850.038,Thermopsis montana,Thermopsis montana,5,yes,yes,yes,yes,yes,yes,0.0617,yes,yes,NA,field,6,17,102,2 H8,2185,2.48,0.04,44.16,-26.29
woo_obt_1,woo_obt_1.jpg,roi_6,117,189,241.841,0.782,68.622,0.39,0.349,1.185,369.35,37.311,294.367,Woodsia obtusa,Physematium obtusum,1,yes,yes,yes,yes,yes,yes,0.0044,yes,yes,24,field,39,14,546,2 C10,1999.5,1.15,-0.96,43,-27.77
woo_obt_2,woo_obt_2.jpg,roi_2,253,393,523.255,0.751,144.376,0.385,0.339,1.575,807.789,81.571,628.477,Woodsia obtusa,Physematium obtusum,2,yes,yes,yes,yes,yes,yes,0.0053,yes,yes,38,field,58,11,638,2 C5,1969.5,1.52,-1.23,41.46,-27.7
woo_obt_3,woo_obt_3.jpg,roi_6,279,403,510.088,0.79,176.469,0.478,0.423,2.426,745.559,122.461,772.279,Woodsia obtusa,Physematium obtusum,3,yes,yes,yes,yes,yes,yes,0.0059,yes,yes,25,field,48,13,624,2 C9,2064,1.29,-0.83,41.2,-27.96
woo_obt_4,woo_obt_4.jpg,roi_6,130,203,248.612,0.817,67.998,0.374,0.339,1.176,386.092,38.134,292.234,Woodsia obtusa,Physematium obtusum,4,yes,yes,yes,yes,yes,yes,0.004,yes,yes,10,field,97,9,873,2 D10,2058.5,1.47,-0.59,40.56,-27.81
woo_obt_5,woo_obt_5.jpg,roi_6,258,392,547.309,0.716,152.355,0.373,0.339,1.365,867.068,79.052,638.954,Woodsia obtusa,Physematium obtusum,5,yes,yes,yes,yes,yes,yes,0.0101,yes,yes,17,field,70,10,700,2 C7,2087.5,0.96,-1.3,43.98,-28.14
woo_obt_6,woo_obt_6.jpg,roi_6,174,264,340.07,0.776,122.462,0.506,0.423,1.934,498.413,91.176,542.25,Woodsia obtusa,Physematium obtusum,6,yes,yes,yes,yes,yes,yes,0.0051,yes,yes,14,field,53,17,901,2 F7,1945,1.51,-0.91,41.53,-27.73
woo_obt_7,woo_obt_7.jpg,roi_2,184,300,406.385,0.738,118.473,0.393,0.349,1.188,629.815,60.679,498.167,Woodsia obtusa,Physematium obtusum,7,yes,yes,yes,yes,yes,yes,0.0043,yes,yes,12,field,72,16,1152,2 F5,1923,1.45,-0.91,41.81,-27.35
